aqm,qmult,min_delay,bandwidth,protocol,run,delay_mean,efficiency_mean,efficiency_std,fairness_mean,fairness_std,retr_mean,retr_std,efficiency1_mean,efficiency1_std,efficiency2_mean,efficiency2_std,util_mean,util_std
fifo,0.2,10,100,cubic,1,21.735911993055556,39.5236336904059,20.932546416524556,1.0,0.0,0.0748415135625583,0.7148464400164918,0.36851826825024986,0.20660961609457926,0.3678225451786368,0.20611451299553704,94.57331912878787,3.6325792452128804
fifo,0.2,10,100,cubic,2,21.758177479166665,39.50339060519093,21.005894160221303,1.0,0.0,0.07293473428754664,0.8379791776999718,0.3678263372189567,0.20716661467674322,0.3671521134776857,0.20667107005508584,94.58134706439392,3.5240592711952634
fifo,0.2,10,100,cubic,3,21.718858680555556,39.48864552154383,20.792032387158283,1.0,0.0,0.0899015967525653,0.9148331633323297,0.36819432995133844,0.20467058193887358,0.3673580431077273,0.20418025663737016,94.58977982954545,3.5826381055857373
fifo,0.2,10,100,cubic,4,21.71776140277778,39.42293861516743,20.964281205222797,1.0,0.0,0.07338993584931787,0.7235806690450396,0.3677729329731024,0.20646071398785446,0.367084472687932,0.20596505946343546,94.5498768939394,3.513944667436233
fifo,0.2,10,100,cubic,5,21.649426624999997,39.383916190740045,20.698756256944073,1.0,0.0,0.06280016543260261,0.6831741192828155,0.368468305614025,0.20404294551580587,0.3678760750499237,0.20351071413155372,94.54792140151517,3.6344342603224105
fifo,0.2,10,100,bbr3,1,22.141420222222223,39.48547584045139,21.693036053426823,1.0,0.0,0.313397877251924,1.1127949663690373,0.3640056863884545,0.2174962184497056,0.3611558911378646,0.21523706956333716,94.50233743686867,3.480809454912097
fifo,0.2,10,100,bbr3,2,22.09205902083334,39.38846643752529,21.340321379606845,1.0,0.0,0.31861006323970964,1.1302833251720068,0.36409686938942704,0.21512915717968573,0.36119058594194103,0.21280901404994804,94.3421827651515,3.819108202331291
fifo,0.2,10,100,bbr3,3,22.060128902777777,39.346219944786,21.37616782892939,1.0,0.0,0.2870132674032183,1.097590567575677,0.36374023272579875,0.21493636404419042,0.36108879792794896,0.21291605018720544,94.72100142045457,3.0405257208753724
fifo,0.2,10,100,bbr3,4,22.109120020833334,39.56464797779295,21.78201494288757,1.0,0.0,0.3311100290782416,1.1120702159180245,0.3652573858814816,0.21781492923385617,0.3622178819442372,0.21606093260887285,94.77527067550506,3.043852759856948
fifo,0.2,10,100,bbr3,5,22.336899194444445,39.60353411202143,21.85054899661514,1.0,0.0,0.36780513934235076,1.1432416576368454,0.36226535010870237,0.21861460917372386,0.35890376893682346,0.21637744997811317,94.69385969065657,3.4147075621475613
fifo,0.2,10,100,orca,1,22.94793541666667,41.5173485530303,25.245274688517622,1.0,0.0,5.581321146950793,4.558187580670763,0.36448648588623794,0.2265472168425057,0.31658400850768675,0.19868161530696576,94.2873492739899,9.649113050873552
fifo,0.2,10,100,orca,2,22.941680256944448,41.50068470454545,25.808025430825072,1.0,0.0,5.9768050464231575,5.337147246148102,0.3647977575655129,0.231554480551766,0.31317891245637763,0.19819578763344156,94.28922664141415,9.645072837907499
fifo,0.2,10,100,orca,3,22.918882437500002,41.505184141414134,25.93269759115894,1.0,0.0,6.070503690349522,5.483811147986019,0.3650316736400232,0.23264724845605025,0.3126898687829272,0.19544911044493452,94.2904190340909,9.644047534982406
fifo,0.2,10,100,orca,4,23.109004097222222,41.46718632241814,25.965375006878027,1.0,0.0,6.307007519166861,4.898040186783734,0.3627538402094212,0.2339312772080158,0.3084330834562601,0.2038455956991545,94.28544744318184,9.649080628823004
fifo,0.2,10,100,orca,5,23.0160910625,41.53211610858586,26.65424954506483,1.0,0.0,6.221281023167852,5.545883463495483,0.3639056083754557,0.23795753734808267,0.31062088682155975,0.2027981572750641,94.28635022095959,9.646885207511117
fifo,0.2,10,100,sage,1,23.043567072400055,39.854292565,21.855799893443915,1.0,0.0,0.06897769757171175,0.8605667954471746,0.34854074730827733,0.2077067740698656,0.34793558922921886,0.20699854660093395,90.19878472222224,20.42238704433485
fifo,0.2,10,100,sage,2,23.139390679097144,40.225639875,24.76382622732011,1.0,0.0,0.08947429372303521,0.8672957734105183,0.3521708508305269,0.23168623862865656,0.35137736813494824,0.23087013648517388,91.62371133207073,17.984994937070773
fifo,0.2,10,100,sage,3,23.004191738201826,40.18432478,22.615896040186687,1.0,0.0,0.07965201762185167,1.060443364118872,0.35221276084805103,0.21508105403732453,0.35152133315786394,0.21419405356766935,91.0570359848485,18.05361519513532
fifo,0.2,10,100,sage,4,23.006567035305576,40.301341185,21.40094931633211,1.0,0.0,0.11350147759736474,1.0742237507012224,0.35331576408056264,0.20717373805502487,0.3523032913853524,0.20590025574807824,91.20746212121216,17.99119579605661
fifo,0.2,10,100,sage,5,23.11638838366827,40.7458157925,25.515794363422433,1.0,0.0,0.028950705457089554,0.11904032151864542,0.3549294269673813,0.2344121174157282,0.35467521876797586,0.23433142360408168,91.69958491161618,18.158996223867913
fifo,0.2,10,100,vivace,1,23.87824591666667,39.76674601769881,33.79651357162748,1.0,0.0,11.807967513354857,19.097791399097144,0.3395698079652044,0.28492838095281425,0.24176455994422524,0.1879669434966872,94.80363873106062,5.54394985009526
fifo,0.2,10,100,vivace,2,23.88628396527778,39.51500287570436,31.460726990027712,1.0,0.0,20.213410107057484,29.720987816591567,0.33286469294780624,0.26327830803762303,0.16798914745553634,0.17210374676909648,94.81517045454547,5.517546904150919
fifo,0.2,10,100,vivace,3,24.53022576388889,39.63136846442035,41.9382277162357,1.0,0.0,20.110353498316524,24.702769830954367,0.3315060385399192,0.351674845092002,0.16377997964618923,0.1895503816028128,94.82497869318185,5.421990279680983
fifo,0.2,10,100,vivace,4,24.19421617361111,39.37017256314735,38.22852815155336,1.0,0.0,22.678553453132288,27.09391377090124,0.32842700979137496,0.3199383597511505,0.14044047908180657,0.17578298998844338,94.80624131944445,5.514575775535413
fifo,0.2,10,100,vivace,5,23.808578090277777,39.74080771960453,32.8346171093652,1.0,0.0,11.010895914106227,18.097574358436805,0.3384678290422389,0.27628098510038696,0.24679689319356923,0.17308764168649096,94.80524226641414,5.621405462760686
fifo,0.2,10,100,astraea,1,23.579912976729155,40.538885767326725,22.909526160435036,1.0,0.0,1.2626067204261893,0.5668966141896744,0.34118949598772885,0.19656284330734874,0.33049299159714446,0.1975308602286493,93.39119002525254,12.609681382491363
fifo,0.2,10,100,astraea,2,23.577909615384616,40.54097752475248,23.085752737019487,1.0,0.0,1.238580959946362,0.5969139903568048,0.3413700138467176,0.1985829132940701,0.3308761638627237,0.19915906911024087,93.39562657828282,12.578441536378758
fifo,0.2,10,100,astraea,3,23.576451923076924,40.5652063118812,22.90619278072389,1.0,0.0,1.2309174039470616,0.5304370007646818,0.3415210842399387,0.1968662905137812,0.331091752641546,0.19774771018375387,93.4384532828283,12.46128921287166
fifo,0.2,10,100,astraea,4,23.582497723704865,40.52257061881188,22.81453927259924,1.0,0.0,1.2732833179075327,0.5660515075886172,0.3410899280313609,0.19605569800691183,0.3302932177048447,0.19681809762152974,93.34721906565656,12.752624577436872
fifo,0.2,10,100,astraea,5,23.583575562532705,40.50430707920792,22.867065678709952,1.0,0.0,1.290110972390246,0.6515484367758436,0.34088783170513454,0.19640152486398338,0.32995225246524174,0.19704139727441877,93.31667061237374,12.823901925857523
fifo,0.2,100,100,cubic,1,213.6105028611111,36.934325303323014,25.832703173064772,1.0,0.0,0.03481622952133862,0.4096118405707026,0.3471450893311032,0.24177400684703715,0.3468068294872269,0.2413763436414883,91.06174636994949,16.51685427723092
fifo,0.2,100,100,cubic,2,212.24368702777778,36.71363227589862,25.387954197470524,1.0,0.0,0.03752067907532649,0.4415433228049567,0.34873340475897363,0.2434328773160266,0.34837207110529234,0.24301528494148164,90.79315183080809,16.9494230912946
fifo,0.2,100,100,cubic,3,212.51038600694446,36.62480975390171,22.01369366278264,1.0,0.0,0.046573468108675374,0.4693452347327292,0.34540436850360223,0.20533560133642662,0.3449495601161841,0.204871715497245,90.74990056818183,16.92479043725558
fifo,0.2,100,100,cubic,4,211.78752525000004,37.10323101793485,22.089590697927026,1.0,0.0,0.04668733966884328,0.40750348785499263,0.3531744417358904,0.21359403613971187,0.35272498452826584,0.21328316429345204,90.18970170454547,16.46191468197449
fifo,0.2,100,100,cubic,5,213.7739462152778,36.93202898942799,24.114628209088348,1.0,0.0,0.03754914696536847,0.41184428274789725,0.347218198356618,0.22586917386009378,0.3468530963748611,0.22547216198733314,91.08284801136364,16.51097889324729
fifo,0.2,100,100,bbr3,1,215.6554748125,37.88439102955482,25.549367374011617,1.0,0.0,0.41756701113572764,1.8606392152327478,0.3538371154464358,0.24131853034450695,0.3498997763778615,0.23773399750522484,90.35470328282828,16.5976319446759
fifo,0.2,100,100,bbr3,2,216.0315048888889,37.452107727906125,24.583700703648425,1.0,0.0,0.3784236623280084,1.841938214000915,0.34952741712270524,0.23328994196576597,0.3459416629168247,0.2292803174717505,90.48917692550506,16.617458918211643
fifo,0.2,100,100,bbr3,3,217.20944436805556,37.81684551755082,23.64919472330658,1.0,0.0,0.44384287364447295,1.8809610092152718,0.35071586730718174,0.22426727314499792,0.3465534652036711,0.2201631285717366,90.23765624999999,16.742703350400504
fifo,0.2,100,100,bbr3,4,219.78265654861113,38.530904243984075,25.627118082294864,1.0,0.0,0.3839458636383512,1.8099892529375052,0.35438629194502524,0.2425397727963934,0.3507390397180514,0.2385924281274461,90.49832228535354,16.636217585771043
fifo,0.2,100,100,bbr3,5,217.61362950694445,38.13646231305927,24.028057721233413,1.0,0.0,0.3846865981372435,1.813245724633766,0.3529631792842773,0.22763693352932024,0.34933990733666825,0.22445882623413738,90.26414772727273,16.658906426659794
fifo,0.2,100,100,orca,1,227.55749698611106,41.08429763254593,34.290767784652516,1.0,0.0,4.925369718181553,6.043671760630186,0.36318217937243913,0.3060237398437119,0.32178259658044317,0.28277702321021525,92.35222774621214,16.01437803995809
fifo,0.2,100,100,orca,2,228.40720743055556,41.74665805291005,40.45217642843655,1.0,0.0,3.911450229473968,4.909647826643177,0.3674621817959447,0.35687596519242076,0.3355214633098935,0.3320632772001745,92.42997711489902,16.131447277376775
fifo,0.2,100,100,orca,3,224.04259583333334,39.58363665183246,39.15408289339788,1.0,0.0,4.094622028407766,5.041727956145971,0.3547082894919771,0.35218237463326957,0.32040754887972134,0.32708603137685527,87.29029829545456,25.707187234167833
fifo,0.2,100,100,orca,4,224.25359795138888,39.867047464751955,36.68267158134335,1.0,0.0,4.200308500830807,5.062143680782732,0.3565358820825858,0.32902354057760647,0.3212242053160734,0.3021664592551574,87.47346985479798,25.40142541899227
fifo,0.2,100,100,orca,5,226.3858751111111,40.485433492105265,40.21812621690459,1.0,0.0,4.645020214479361,6.008472956048306,0.3604245159147402,0.3596513035595342,0.3212402742494896,0.3355858795355094,92.53957938762625,16.03618464856702
fifo,0.2,100,100,sage,1,224.96764158151296,36.36106445897436,20.373958890315798,1.0,0.0,6.117170817816436,18.43670267722722,0.32638732209197363,0.1910281717902797,0.2702840381339919,0.1949996663306643,82.30646385732322,21.19992376401672
fifo,0.2,100,100,sage,2,226.016844585475,37.30074565974026,23.64540997857742,1.0,0.0,7.9328622390974814,19.722606604958845,0.3314315933917642,0.21466645905282788,0.2583096349890363,0.2151907291225031,84.72307765151518,20.94892493366408
fifo,0.2,100,100,sage,3,223.4878969411294,36.386069657216495,23.456002793695788,1.0,0.0,9.397905264327775,23.52935186798114,0.3271844647318349,0.21597999468354612,0.2412454286595838,0.22507717651588735,80.72842803030304,21.18667112034251
fifo,0.2,100,100,sage,4,225.25269692615976,36.584775171794874,21.289997142108447,1.0,0.0,5.008896784995919,15.838110090081852,0.3274865410529177,0.19804550124288825,0.28183791702406535,0.18208254641508945,82.93072285353536,21.36657056956894
fifo,0.2,100,100,sage,5,226.0075665289628,36.688433875,19.929455218700475,1.0,0.0,8.074745633708897,22.722400084636018,0.3278804509355484,0.185027246877398,0.2553294846614318,0.2088198267407695,83.51846038510101,21.82422158353607
fifo,0.2,100,100,vivace,1,229.02295422916666,36.794037743150874,33.83259339250595,1.0,0.0,4.427486818228195,7.51971233731581,0.3211960260262364,0.2889385517497095,0.28377026802308764,0.24706229809660799,90.92744554924244,18.06187417351185
fifo,0.2,100,100,vivace,2,231.99180311111112,37.694261037744674,32.353230229363085,1.0,0.0,4.4104766845703125,7.197839114477202,0.32513116690312344,0.27367214787265937,0.2882807840862349,0.24156868703681805,91.26441287878787,18.142084399923817
fifo,0.2,100,100,vivace,3,235.06866570833336,37.4809340436108,26.360041554069866,1.0,0.0,6.071145641269968,8.912669696063448,0.3203100133279827,0.22378357886676814,0.2698727888127533,0.1907517833559275,91.26491950757578,18.063729482639335
fifo,0.2,100,100,vivace,4,230.71179674305557,37.63647345741173,31.62789687134141,1.0,0.0,3.637968604244403,6.610495062607626,0.3304585965858338,0.2773219619409711,0.29973152480052895,0.2498258412969268,91.1916808712121,18.066091106088116
fifo,0.2,100,100,vivace,5,232.14100306944442,37.606648341265824,30.71816144785102,1.0,0.0,3.813845506354944,6.801793446000668,0.3277965128856546,0.2679338575277048,0.2957628572832118,0.23856009339219197,91.28847222222221,18.0662701554348
fifo,0.2,100,100,astraea,1,214.4943436448441,39.04279825247525,24.886667684144566,1.0,0.0,0.3426620141783757,0.8187850128052572,0.36424989744845415,0.23454886508323183,0.36099980873358267,0.23027902760314461,90.69340356691922,19.550005906312983
fifo,0.2,100,100,astraea,2,213.75422439606956,38.699524148514854,28.16839439936612,1.0,0.0,0.32087895407605527,0.8767577687346426,0.3616202020095872,0.26316256164558693,0.35859665947208924,0.25913411665113095,89.66935290404041,21.65839086065448
fifo,0.2,100,100,astraea,3,214.37257856912186,33.48314024752475,29.3226049426943,1.0,0.0,0.2672565517140858,0.8209936106000891,0.31671397414092367,0.2767111769048626,0.31418505857211726,0.2729981375802944,90.58584438131315,19.704249705681057
fifo,0.2,100,100,astraea,4,213.88522478241248,38.722382222772275,25.30283937187847,1.0,0.0,0.32616999611925723,0.7745231046589948,0.36030572678225403,0.23660090983808024,0.35721682705635244,0.23307187596555354,89.6345857007576,21.67906186853372
fifo,0.2,100,100,astraea,5,218.8406006991325,28.45866532178218,43.045223654485426,1.0,0.0,0.542996534660681,1.0032839658090074,0.2699463272200456,0.4066286188925099,0.2648072393408196,0.3988698159511275,89.5217574179293,21.91595517876081
fifo,1.0,10,100,cubic,1,37.19075142361111,39.893955062126416,21.92062258497237,1.0,0.0,0.03760608274545243,0.5818359143382847,0.21986912976739603,0.1366632739998225,0.21965135828426977,0.13636808801114317,95.13193892045456,2.3644191614880365
fifo,1.0,10,100,cubic,2,37.170481298611115,39.91259691310652,22.02967385826165,1.0,0.0,0.03800463320604011,0.6001004753649168,0.21964282613458966,0.1353617403726649,0.21942963772602167,0.13508222079695198,95.12803030303031,2.322551962399029
fifo,1.0,10,100,cubic,3,37.143351375,39.88008383881268,21.902665537649234,1.0,0.0,0.03911488091767724,0.6132549723438595,0.22039799864358042,0.1374129670437751,0.22017610545898786,0.13712812031431199,95.1382378472222,2.309232644299924
fifo,1.0,10,100,cubic,4,37.12232081944445,39.914682726693954,22.00689858914106,1.0,0.0,0.04045230239184935,0.6480064451794749,0.2192209953232411,0.1321226897472202,0.21899134692435454,0.13180844167483502,95.13880918560604,2.303768879156587
fifo,1.0,10,100,cubic,5,36.99417972916666,39.90996395153491,21.820804361206882,1.0,0.0,0.03900043999970849,0.5951221872548952,0.22033148496943566,0.13428339602249942,0.22010770208255104,0.13398997492527934,95.12495738636363,2.347150033718707
fifo,1.0,10,100,bbr3,1,32.62500679861111,39.49217843827215,22.151774127125105,1.0,0.0,0.20715457289966185,0.8119770219434768,0.26341356531567384,0.194933732521892,0.262120361970078,0.19440988521573313,94.551930239899,3.289562951135785
fifo,1.0,10,100,bbr3,2,32.29691030555555,39.469399360489184,22.099476423675938,1.0,0.0,0.180571826536264,0.8333821973240176,0.2693610272735906,0.20594611805783608,0.26824334718403336,0.2055065531679401,94.39817866161617,3.4835649311101995
fifo,1.0,10,100,bbr3,3,32.192783694444444,39.4299634589536,21.172297981803816,1.0,0.0,0.20197370159092234,0.8415168969624288,0.2668609196143137,0.19407510082555038,0.2656324577512011,0.1936936951798641,94.50411695075756,3.3042781659961498
fifo,1.0,10,100,bbr3,4,32.55867375,39.382592461266434,21.28396002245005,1.0,0.0,0.21265513861357277,0.9129036777089288,0.2638609567234714,0.19443084582383888,0.26245013665413064,0.19340734260400966,94.53746527777776,3.4421394992979195
fifo,1.0,10,100,bbr3,5,32.252920513888895,39.187854085945666,22.016503751873,1.0,0.0,0.20747398262593283,0.8313461422400722,0.2676017314869698,0.20434035120254973,0.26629426140498674,0.20374169062517888,94.28406881313131,3.614870052920486
fifo,1.0,10,100,orca,1,33.19272625694444,41.49387761964735,28.241237954038056,1.0,0.0,0.4519846901964785,1.920686584633121,0.2650446204132411,0.20282620524856818,0.2624205202211564,0.2025204730792203,94.28850536616164,9.645239824182676
fifo,1.0,10,100,orca,2,33.19809979166667,41.421778431818176,25.78917726570097,1.0,0.0,0.8348493433710354,2.279110462424445,0.2642991419001814,0.18949246353529875,0.25951753134594063,0.1896670658364329,94.28938210227273,9.643445161457215
fifo,1.0,10,100,orca,3,34.0314309375,41.434920584382866,26.252599962794044,1.0,0.0,1.6014677019261603,3.5799164567274913,0.2554046669984718,0.17799598807957198,0.24651722981120278,0.17795238462414933,94.2856755050505,9.647442347557154
fifo,1.0,10,100,orca,4,32.54282649305556,41.50684692947103,27.938466646208468,1.0,0.0,0.4087134973326726,1.5178837554848321,0.2695813915295471,0.19452736846323945,0.2672069137513824,0.1939228194835648,94.28663983585861,9.647041560417886
fifo,1.0,10,100,orca,5,32.726279097222225,41.50589093216081,27.33327388847757,1.0,0.0,0.47811821325501397,1.8748720993631005,0.26882298903018004,0.19724449170695643,0.2660955031803189,0.1967122576933063,94.28056581439394,9.641471152855605
fifo,1.0,10,100,sage,1,26.865720456087782,40.6887119175,23.97909883008478,1.0,0.0,0.01787783494636194,0.3074582347981141,0.2839609665189629,0.1714796543057332,0.2838232247515487,0.1712334046285782,91.71231691919195,17.995960798705745
fifo,1.0,10,100,sage,2,27.50412179433907,40.651853205,23.242081270649912,1.0,0.0,0.01955744045883862,0.3801882010664307,0.27363371412962645,0.17641080254707373,0.27345688985242217,0.17601368597410194,91.71035195707073,18.004621096804335
fifo,1.0,10,100,sage,3,25.45231724023829,40.4248481475,25.035160582814548,1.0,0.0,0.016141293653801306,0.3213451326448195,0.28196113002187617,0.18794641967537426,0.2817885772383954,0.18761548992729982,91.69820707070707,18.091735470120813
fifo,1.0,10,100,sage,4,26.55334652353232,40.69975208000001,23.752322577076022,1.0,0.0,0.018247917516907648,0.348254481205729,0.2834603865533981,0.17252068330388717,0.283310971325432,0.17221542956043095,91.71117108585858,18.00157527538369
fifo,1.0,10,100,sage,5,26.324647347264836,40.688547907499995,23.538751689190338,1.0,0.0,0.002135091753148321,0.039975792808534805,0.28043973434397096,0.21722242051521629,0.28040853816877737,0.21713894508808132,91.33107954545457,18.707206302770118
fifo,1.0,10,100,vivace,1,39.942941840277776,39.4438593353362,35.89992143625458,1.0,0.0,18.113974386186744,24.88382650705564,0.20009623686385325,0.17979260974521669,0.11148517187043154,0.10748558110003745,94.81437815656567,5.537414590667439
fifo,1.0,10,100,vivace,2,40.03808236111111,39.7152449234493,30.741195460172126,1.0,0.0,16.209685197517054,22.872917529328575,0.20143709224908504,0.15457082601253005,0.12211011611677611,0.09526485780060538,94.82802083333334,5.399069874741994
fifo,1.0,10,100,vivace,3,39.071521527777776,39.569077229436665,30.164433254804422,1.0,0.0,14.482156554264808,21.560423304586312,0.2060646170365564,0.15258788594002298,0.13535908306042174,0.10415938446116098,94.81378472222221,5.593159764972469
fifo,1.0,10,100,vivace,4,40.61659600694445,39.13691063230888,37.55695846228638,1.0,0.0,20.83533557493295,24.314468675290467,0.19395710486733544,0.18604901444917477,0.09253607815800886,0.10350059164592167,94.83013731060606,5.370537878356254
fifo,1.0,10,100,vivace,5,39.290172104166665,39.621915292818336,34.540956774111905,1.0,0.0,15.965846047472597,22.580365699473294,0.20603970045149467,0.1751592640887259,0.12767530563689938,0.11375686762337112,94.81814867424241,5.390701946677223
fifo,1.0,10,100,astraea,1,35.35214533120941,40.555515940594056,23.16245859960869,1.0,0.0,0.17254388154442632,0.26813609673249855,0.25478804123783916,0.20574861240714482,0.253925883302572,0.20624214574327443,93.34758601641413,12.747850623349152
fifo,1.0,10,100,astraea,2,34.94532624559511,40.57653306930693,23.17551571859538,1.0,0.0,0.13892330340485073,0.26617615900899894,0.25902405223156794,0.20783217065825868,0.2583323293368545,0.2082643758706726,93.38899857954544,12.6183401479087
fifo,1.0,10,100,astraea,3,35.227044348508635,40.566411559405935,23.12491356786471,1.0,0.0,0.18350401921058768,0.26154769490631835,0.25593808167921184,0.20586135103473388,0.2550199795940843,0.20638264851184088,93.42803345959598,12.467226524942335
fifo,1.0,10,100,astraea,4,35.35900129513344,40.54720066831683,23.160219225302107,1.0,0.0,0.17285702833488806,0.2671690544680373,0.2546937445763773,0.20562568655301203,0.2538295690738777,0.2061212244537901,93.3362736742424,12.782532768547895
fifo,1.0,10,100,astraea,5,35.53159615384616,40.55155829207921,23.11047749510429,1.0,0.0,0.191687683560955,0.26916948687957365,0.2537452985366253,0.20568561303070756,0.2527880956007861,0.20622010156826967,93.37710937500002,12.623675775976805
fifo,1.0,100,100,cubic,1,338.46979921527776,39.22116245363488,27.088307184174536,1.0,0.0,0.027129899210004665,0.1358751657660238,0.24896210464782548,0.1967379935938765,0.24880057310082684,0.19665764626733492,92.22418166035354,16.21117325285508
fifo,1.0,100,100,cubic,2,353.29106980555554,39.442445903060126,27.586255129047363,1.0,0.0,0.021675166799061334,0.10698735165144893,0.2333423221987028,0.18308033595128959,0.23322287368752354,0.18304691060121325,92.1423824179293,16.188277430518582
fifo,1.0,100,100,cubic,3,340.64470731250003,39.26155042600297,28.293705067009796,1.0,0.0,0.02883797261252332,0.1543155414641693,0.24591266022501101,0.19632935601695306,0.2457710830176734,0.1962665825775518,92.24797032828283,16.159362318075644
fifo,1.0,100,100,cubic,4,327.2737576875,39.39504945451921,29.46244478499334,1.0,0.0,0.024169238645638993,0.1419898020343786,0.2591076373203539,0.20490349843088862,0.2589587986765013,0.20483253373784835,92.17797427398989,16.312275023560414
fifo,1.0,100,100,cubic,5,329.03464526388893,39.07822313309656,27.229752957680947,1.0,0.0,0.023400605614505597,0.1345969052103519,0.260387540399036,0.20743586197810515,0.2602458797927816,0.20736518257861158,92.28613636363636,16.076241432140375
fifo,1.0,100,100,bbr3,1,321.08004141666663,38.152063302526706,27.507484951157437,1.0,0.0,0.3308538180678638,1.2171654945009502,0.26164850800719364,0.2224711713466996,0.259488491162201,0.221067067941721,90.16358428030303,16.551264467688615
fifo,1.0,100,100,bbr3,2,313.3428962291666,38.30173566397058,26.204251134865878,1.0,0.0,0.2771573991917852,1.0956744802714253,0.2667459613429773,0.21607200548647323,0.2646930114016432,0.21387268065246173,90.08052320075757,16.702439414309325
fifo,1.0,100,100,bbr3,3,311.63372395833335,37.4276154134219,26.64674173494101,1.0,0.0,0.25017581768889924,1.0673591924938841,0.25985816030478737,0.21260878959831353,0.25803636950505404,0.21084688082713873,89.84029987373738,16.734476790431668
fifo,1.0,100,100,bbr3,4,310.7509152916667,37.708890514744496,25.6890791032984,1.0,0.0,0.23984197360366138,1.091353919756529,0.2668008386917144,0.21438711419643972,0.2649917261423611,0.21230820614018228,90.31084832702021,16.65349569161828
fifo,1.0,100,100,bbr3,5,318.51103063194444,38.46615900538597,26.603823106138663,1.0,0.0,0.34888196347364736,1.4670807541253552,0.2644059644573213,0.2173273480734834,0.26177576539958525,0.21475830216877875,90.43871843434343,16.54210609691845
fifo,1.0,100,100,orca,1,328.63218368055556,40.55522963010204,37.28879823395645,1.0,0.0,0.15099368878264927,1.2871427600241072,0.2568076177390024,0.24803291023795135,0.25588094248701815,0.24728295567569553,92.538313604798,16.021406757244442
fifo,1.0,100,100,orca,2,337.4949601736111,41.1938142922252,37.01859182457402,1.0,0.0,0.6375566169397154,1.72161594246955,0.250435027380935,0.232137280661392,0.24652600535549515,0.23029208552513597,92.51898753156564,16.019347063082414
fifo,1.0,100,100,orca,3,347.17489177083337,40.80258318302388,35.6047646122989,1.0,0.0,1.9632271154602963,3.9546590534022807,0.24320509074532776,0.22271398371046863,0.23186737287505188,0.22041923778527137,92.42229166666667,16.05702392193916
fifo,1.0,100,100,orca,4,336.06669138888884,40.827187600522194,39.14205453570644,1.0,0.0,0.4877113228413596,1.5350891225379035,0.24996401663894657,0.24490222660928168,0.24701015000096063,0.24299850904974707,92.53968197601013,16.025367484749662
fifo,1.0,100,100,orca,5,338.7408487847222,40.21166210526316,34.23426472972053,1.0,0.0,2.029675156322878,3.728959783226505,0.2395011710583428,0.22205442904722245,0.2276369765943353,0.2206568911459275,87.61131786616163,25.24199129939396
fifo,1.0,100,100,sage,1,285.6797761441391,38.16531102791878,27.71245587917502,1.0,0.0,1.1321110511893657,6.122727930377792,0.29392637493946683,0.2366463415271156,0.2862567615541278,0.23341394852117003,88.2942005997475,21.052057979449536
fifo,1.0,100,100,sage,2,272.3487803112224,38.2965607106599,27.55951755081024,1.0,0.0,1.1389433447994404,5.810912894018336,0.3034940139948351,0.23240832825892882,0.2952494940522423,0.22748962194389571,88.71636205808083,21.12309380816892
fifo,1.0,100,100,sage,3,279.33277883359096,38.61762310913706,28.614559503498306,1.0,0.0,1.1729055376195197,6.02063349699961,0.2969500758088973,0.22983737364434162,0.28897471454580437,0.22689224783977963,89.5809998421717,20.86594498582593
fifo,1.0,100,100,sage,4,281.4203257601137,38.69616584517767,28.182245020362597,1.0,0.0,1.1529210788100512,5.946804100367887,0.2956752032658058,0.22996958084446728,0.28799431785138246,0.22748431628904742,89.50708096590911,20.86899454274163
fifo,1.0,100,100,sage,5,283.96070391451605,37.99642053299492,27.844582962520697,1.0,0.0,1.0915443078795475,5.697077055926764,0.28730431981518584,0.2208071825068184,0.28013187432588577,0.21718315678017855,89.57921875000002,20.81477309641162
fifo,1.0,100,100,vivace,1,298.8759992847222,37.46648403357768,27.15390977667204,1.0,0.0,0.2582606984608209,1.027308918762281,0.28475184946636417,0.24830187595433,0.28309821879545477,0.24726406992860686,90.37843197601012,18.24733277769212
fifo,1.0,100,100,vivace,2,319.65235064583334,37.54513792741094,26.846978074437025,1.0,0.0,0.9433974081010961,1.8482546269752596,0.27339674175757556,0.24093256037031702,0.26822945584112245,0.24152260051316352,90.68283222853536,18.251180446893596
fifo,1.0,100,100,vivace,3,299.4918939444444,37.44127284598284,27.305198084016602,1.0,0.0,0.7982626957679863,1.7454627447680406,0.2917638940955632,0.2578039550893111,0.2873366459069457,0.2588310740623217,90.26760337752523,18.251356598769323
fifo,1.0,100,100,vivace,4,286.1916270069445,37.507140050305175,26.728645098313248,1.0,0.0,0.20308992755946828,0.9272182322100664,0.29201853952084356,0.23406436111075532,0.2907116940684197,0.23304922596661082,90.60640230429294,18.18776848559965
fifo,1.0,100,100,vivace,5,266.08106963194444,37.38927373867371,24.862826495213806,1.0,0.0,0.10609982618645056,1.0029929043719221,0.30116405813356256,0.22264434113415268,0.3003330628247325,0.22123433337776596,90.60266098484844,18.24393883093538
fifo,1.0,100,100,astraea,1,221.57187254644808,38.22687231683168,38.297520042427706,1.0,0.0,0.0,0.0,0.3512999341710138,0.3548016545561749,0.3512999341710138,0.3548016545561749,87.55029513888887,21.13174292023267
fifo,1.0,100,100,astraea,2,223.51065123920276,31.211012970297027,43.37248587201096,1.0,0.0,0.0,0.0,0.29051507336774385,0.4031752074974887,0.29051507336774385,0.4031752074974887,88.28043402777777,19.457832655737615
fifo,1.0,100,100,astraea,3,216.8973490888893,38.276967816831686,31.073609994890415,1.0,0.0,0.0,0.0,0.3544228357331845,0.28752923581376955,0.3544228357331845,0.28752923581376955,88.52406249999997,20.251035905249275
fifo,1.0,100,100,astraea,4,221.53460158192632,36.93402415346535,42.560884844582915,1.0,0.0,0.0,0.0,0.3412687194966861,0.395365466737484,0.3412687194966861,0.395365466737484,87.7904016729798,20.375443436066362
fifo,1.0,100,100,astraea,5,222.00524497640248,21.916430450495046,38.94999388007626,1.0,0.0,0.0,0.0,0.2029541445681866,0.36146552339976457,0.2034467978945026,0.3617804560595434,87.52661537247477,20.85753173927482
fifo,4.0,10,100,cubic,1,90.36115203472222,39.98370966078765,22.87546493300426,1.0,0.0,0.009963761514692164,0.06016489654097069,0.09091247523887741,0.05612913097567977,0.09088912152245189,0.056116719094555276,95.12476799242425,2.347437698436046
fifo,4.0,10,100,cubic,2,89.75379390972222,39.944215462597576,22.77782059788864,1.0,0.0,0.008654238572761194,0.05502986168939704,0.0916096830771367,0.056309580600591755,0.09158888786183121,0.056304139755916645,95.12657986111113,2.428831583544429
fifo,4.0,10,100,cubic,3,89.98901384027776,39.95200744905566,23.173716483135127,1.0,0.0,0.010077633074860074,0.06266172709605207,0.09495095539198185,0.07374706505980713,0.09492707800770987,0.07374422363762306,95.12566524621212,2.432636873445998
fifo,4.0,10,100,cubic,4,90.57357738888888,39.97231719417455,25.262454458524537,1.0,0.0,0.008881981693097014,0.038599322545754634,0.09318047987653706,0.07133436949225483,0.0931611513193371,0.07133705477830218,95.13171322601009,2.37722533741199
fifo,4.0,10,100,cubic,5,90.79418207638889,39.98066979153506,23.167318845666113,1.0,0.0,0.013066761529267723,0.08283050623134469,0.09088310874651816,0.05850748285153071,0.09085295538223828,0.05849541794200216,95.13846748737373,2.3102063409928895
fifo,4.0,10,100,bbr3,1,55.78276738888888,39.629193550166775,22.53550054730344,1.0,0.0,0.020183734039762126,0.16486941307590997,0.16547313287877088,0.15334147027622652,0.1654168745832383,0.15334631517234545,94.80169270833332,2.960350965217272
fifo,4.0,10,100,bbr3,2,56.990704145833334,39.67120590470355,24.800893666077556,1.0,0.0,0.03316509189890392,0.2003389211346602,0.16020528659852964,0.13747872830209665,0.16011511035020073,0.13749422358016233,94.88751736111111,2.571705958311074
fifo,4.0,10,100,bbr3,3,53.296050875,39.70508733879019,25.60339986000791,1.0,0.0,0.03777689008570429,0.34840340948784454,0.17871938558454759,0.17816464193650886,0.17861349637884288,0.17818150490274332,94.70350457702021,2.8778417808196037
fifo,4.0,10,100,bbr3,4,57.995770625000006,39.726418883505545,23.840036735006503,1.0,0.0,0.04190473414179104,0.28490285428258294,0.14711574928561114,0.11201302743941022,0.14699894154874765,0.11202682263938286,94.98034643308083,2.541772699516042
fifo,4.0,10,100,bbr3,5,58.499917604166654,39.6932872592489,23.70139526397699,1.0,0.0,0.039940449728894586,0.25963825721350176,0.14132507842904662,0.08742298693687114,0.14122010689439637,0.08743972402790835,94.73879340277777,2.744559038050522
fifo,4.0,10,100,orca,1,46.83788194444444,41.402703775,28.311747973654303,1.0,0.0,0.04033900018948228,0.6010425439777108,0.2103745572619992,0.18356416812859083,0.21017645767282647,0.18332629087670857,94.27674636994948,9.646038146146665
fifo,4.0,10,100,orca,2,71.38031003472223,41.41132321356784,26.681603326661584,1.0,0.0,0.3415862126136894,1.1834951950309376,0.14833726966745164,0.15319996594508445,0.14737527953984947,0.15297271291970016,94.28889362373737,9.643666877169402
fifo,4.0,10,100,orca,3,58.99886378472222,41.515446288220545,25.634019801552906,1.0,0.0,0.06726962416919309,0.8573573517785114,0.18399235836377192,0.19918733472869898,0.18368988876047235,0.19889863127445156,94.28895912247474,9.642182201687515
fifo,4.0,10,100,orca,4,46.77513527777777,41.3079095775,27.52676635228344,1.0,0.0,0.0692908443621735,0.8591709489005946,0.2206548293734374,0.19381328808701898,0.22033528821822074,0.19354618615326255,94.28979955808082,9.642287478549752
fifo,4.0,10,100,orca,5,71.59899918055555,41.597837877500005,30.976657995053124,1.0,0.0,0.07319094529792444,0.8122143400954469,0.15557683197782557,0.16904081949397134,0.15529090228524822,0.1687094792682399,94.28806739267677,9.642891253205123
fifo,4.0,10,100,sage,1,26.823573259334424,40.6770830275,24.56241459624679,1.0,0.0,0.00039855046058768655,0.005814406817191765,0.2803891474572294,0.1996271590222989,0.28038523611947425,0.19961777504982345,91.70304766414142,17.99357634209344
fifo,4.0,10,100,sage,2,26.501241466908645,40.621477622499995,24.41106658488748,1.0,0.0,0.0033592110249533584,0.06507309900073674,0.28619264848033177,0.20561623197267423,0.2861529022578765,0.20550763112864465,91.71296717171718,17.994183376034844
fifo,4.0,10,100,sage,3,26.364946072812106,40.5812257375,24.64670515587439,1.0,0.0,8.540367012593284e-05,0.0009861504906119006,0.3132986265051469,0.20404682824971537,0.31329771445547117,0.2040453213870336,91.70234217171718,17.99626341399181
fifo,4.0,10,100,sage,4,26.99166024225255,40.815468975,23.142599087550373,1.0,0.0,8.540367012593284e-05,0.0009861504906119006,0.29295795616755704,0.20096391848161888,0.29295725432666725,0.20096254225604498,91.97729403409095,17.08985401183531
fifo,4.0,10,100,sage,5,26.384373748983627,40.62875129,24.441445262656178,1.0,0.0,0.0061490642490671646,0.12100488801903066,0.2851396111866855,0.1937725461555183,0.2850772984965017,0.19361115417618838,91.69522490530304,18.024919735936415
fifo,4.0,10,100,vivace,1,101.61320527777778,39.14841041424585,40.15263508912976,1.0,0.0,20.916668336782884,25.562524993507484,0.07806394905305405,0.08206051964584178,0.03791065292037735,0.05064102135184168,94.80867739898989,5.582228367776665
fifo,4.0,10,100,vivace,2,102.23945143750001,39.44960728442259,37.70612233282611,1.0,0.0,19.030360321500407,25.264215344483034,0.07759876788512864,0.07414116378596561,0.040957281700402366,0.045078510262388266,94.82698863636364,5.40937120109205
fifo,4.0,10,100,vivace,3,101.91967744444446,39.31611973338234,37.4674834988745,1.0,0.0,19.567025882094654,26.27553740762891,0.0784620542210067,0.07637398072692993,0.04078248016028115,0.049205804318579294,94.82977114898989,5.373484637088959
fifo,4.0,10,100,vivace,4,101.82627640972223,39.33371539610578,39.19004135038074,1.0,0.0,23.098447429600046,29.230125933383302,0.07858020499131174,0.08034415745413502,0.03408062977582902,0.04775857575551512,94.8310598169192,5.3683320746937095
fifo,4.0,10,100,vivace,5,102.09441136805555,38.992970992873346,39.645246751792236,1.0,0.0,22.189055200832993,28.455472902035638,0.07814202263447999,0.08389654702535511,0.03544377804377499,0.05794557294324798,94.82724747474747,5.305790117912631
fifo,4.0,10,100,astraea,1,36.471923076923076,40.527415742574256,23.036895240390454,1.0,0.0,0.0,0.0,0.25899177673886004,0.21062278709244667,0.25899177673886004,0.21062278709244667,93.38942155934348,12.614564244666889
fifo,4.0,10,100,astraea,2,36.67023673469387,40.53610264851485,23.033089234244592,1.0,0.0,0.0,0.0,0.257720318334019,0.21046091179627144,0.257720318334019,0.21046091179627144,93.40182528409092,12.573289468589051
fifo,4.0,10,100,astraea,3,37.34960770189526,40.552592351485146,23.277485937252134,1.0,0.0,0.0,0.0,0.2552589620737595,0.21293811369766827,0.2552589620737595,0.21293811369766827,93.37562894570706,12.625266068848738
fifo,4.0,10,100,astraea,4,36.83597173916565,40.52758806930693,23.06443096416527,1.0,0.0,0.0,0.0,0.25774447453858507,0.2121089009306033,0.25774447453858507,0.2121089009306033,93.33097853535355,12.799189210924812
fifo,4.0,10,100,astraea,5,36.22140519818133,40.53335356435643,23.037423300381814,1.0,0.0,0.0,0.0,0.260585667658003,0.21152892128247688,0.260585667658003,0.21152892128247688,93.38039930555556,12.611066497097596
fifo,4.0,100,100,cubic,1,771.8372483819444,40.1556106138805,29.59530856848339,1.0,0.0,0.07148287189540578,0.3831019678971063,0.11618518594754537,0.10003258063458997,0.11600672796266773,0.0999781876551319,92.34371133207073,16.15616440068502
fifo,4.0,100,100,cubic,2,766.4994799375,40.149059320746304,29.47953370943566,1.0,0.0,0.07227997281658116,0.4140752134622076,0.1196764241587521,0.10767512013494941,0.11949076598873845,0.10763382966489293,92.36357559974748,16.115276688846986
fifo,4.0,100,100,cubic,3,775.5540186458334,40.17334988126645,29.42965364015487,1.0,0.0,0.07358949575851213,0.3692902458907798,0.11578888459355753,0.10024560473539437,0.11559944473838023,0.10019481167235707,92.3351901830808,16.18789008569196
fifo,4.0,100,100,cubic,4,775.5984826944446,40.2116766111759,29.447504326400637,1.0,0.0,0.07347562419834422,0.38570241767204394,0.1161518930987893,0.10131547170227527,0.1159652948697909,0.10126995072185085,92.28348090277778,16.243986694271527
fifo,4.0,100,100,cubic,5,767.1017703333332,40.19339897964914,29.320933232748796,1.0,0.0,0.07263212061640043,0.36513871314920415,0.12026855522151747,0.10898435239232905,0.1200848757958116,0.10892803307922337,92.36930476641416,16.109571924548842
fifo,4.0,100,100,bbr3,1,419.10521443749997,37.55625878044471,37.39324921447637,1.0,0.0,0.0,0.0,0.19671558921605303,0.21309824041002118,0.19671558921605303,0.21309824041002118,90.56144649621213,16.480856150544458
fifo,4.0,100,100,bbr3,2,419.2056514583333,37.130619143620024,38.55974966374694,1.0,0.0,2.8467890041977613e-05,0.0005707794205327791,0.1950296784351606,0.22254769345543493,0.19502958122100203,0.22254777809845627,90.5462610479798,16.48005345838318
fifo,4.0,100,100,bbr3,3,412.9242544791666,37.75973233168371,35.7241667073073,1.0,0.0,0.0,0.0,0.20194896226987333,0.20615089480946058,0.20194896226987333,0.20615089480946058,90.53774147727273,16.466036999567415
fifo,4.0,100,100,bbr3,4,419.0908371180555,38.163563922997966,36.73664660381859,1.0,0.0,2.8467890041977613e-05,0.0005707794205327791,0.20076213584544747,0.21023446265133536,0.2007620330140564,0.21023455898349186,90.50742582070706,16.57755004458378
fifo,4.0,100,100,bbr3,5,422.6628038472222,37.40217463152483,37.397255862315134,1.0,0.0,2.8467890041977613e-05,0.0005707794205327791,0.19580567264996127,0.21477193169806208,0.19580557271783355,0.21477202154899805,90.51744949494952,16.491948138170304
fifo,4.0,100,100,orca,1,694.1938315625,40.097173676691725,23.91004254939831,1.0,0.0,0.009992229404734142,0.09724838636977583,0.13575409556081905,0.13185933420237722,0.13572797168538878,0.13186883332303673,87.50792929292929,25.410873747297646
fifo,4.0,100,100,orca,2,640.6769768819444,41.18812660500001,29.153636966099736,1.0,0.0,0.02086696340076959,0.32989145497826167,0.16445647863221524,0.17945513243561861,0.16432335483231192,0.1791379328211434,92.54127288510102,16.02071394567819
fifo,4.0,100,100,orca,3,631.8572082986111,41.34846829145729,25.292830844951016,1.0,0.0,0.030346770784748133,0.28176127126984807,0.15995280939629744,0.15748921102852692,0.15986303852541187,0.15752267665610278,92.47702572601011,16.080741295574377
fifo,4.0,100,100,orca,4,692.8309397916668,41.291270585,26.99813676511753,1.0,0.0,5.750799897927136e-05,0.0008102277884636088,0.14202205580239038,0.14109707429953205,0.1413644524135418,0.14114500843997937,92.54225142045456,16.021927059724632
fifo,4.0,100,100,orca,5,525.0879346388888,41.26821095177665,27.61281106376298,1.0,0.0,2.8467890041977613e-05,0.0005707794205327791,0.18087049448542397,0.17082107966699142,0.18087039398374286,0.17082117863336632,92.53909090909092,16.02198469190228
fifo,4.0,100,100,sage,1,337.7050810264108,38.263709639999995,21.514787191874888,1.0,0.0,0.0030460642344916043,0.03921492164687736,0.25123328012502044,0.16318081888785524,0.2512056490370543,0.1631867129583171,87.80583806818183,22.449585979586512
fifo,4.0,100,100,sage,2,313.3763924222409,38.539855639097745,21.793829895519583,1.0,0.0,0.0055797064482276115,0.08201725007537931,0.2519982813063268,0.1546399664821461,0.2519897401706345,0.1546452681676264,87.56964488636366,22.486497162931162
fifo,4.0,100,100,sage,3,338.68432794478485,38.81310970500001,22.328483000636513,1.0,0.0,0.0006262935809235074,0.007064235474659237,0.24374907691996503,0.14094892827045108,0.24374737455088463,0.14094880730866138,87.57448863636367,22.47429568776876
fifo,4.0,100,100,sage,4,322.31735911997924,38.750016352500005,22.20311755555235,1.0,0.0,0.0015087981722248134,0.026890518394345617,0.2646550789778988,0.18814991629749422,0.26463647525342865,0.18815819773520728,87.78351089015153,22.438830187252865
fifo,4.0,100,100,sage,5,361.35195699795065,38.7595657525,22.117656117986336,1.0,0.0,0.0030745321245335823,0.05102930130609398,0.2757651250418694,0.20412513039839592,0.27574951892359756,0.20413698740373876,87.54269491792934,22.47823768047703
fifo,4.0,100,100,vivace,1,669.671924326389,37.88885528682407,29.888683275614305,1.0,0.0,0.10123181698927239,0.5117380470654822,0.17320428792393203,0.1978458131696024,0.17286552620636594,0.19782534226667392,91.36564630681816,18.12681593014018
fifo,4.0,100,100,vivace,2,700.543724472222,37.68227108757452,29.864848400151622,1.0,0.0,0.11503874365963153,0.5250129951590005,0.15319256368601844,0.1846104670828853,0.15280403760792274,0.18452467451230098,91.37774305555554,18.125241045160454
fifo,4.0,100,100,vivace,3,657.496815451389,37.99787325925333,29.8341162430712,1.0,0.0,0.10188657846023787,0.5502292536205439,0.16470068522730197,0.1879610960059012,0.16434039602379372,0.18786455761979853,91.39480508207069,18.059750712388123
fifo,4.0,100,100,vivace,4,642.2363713680555,38.635941201035,30.272398629266018,1.0,0.0,0.1291872850104944,0.5900957447959692,0.17959358728464017,0.20593161114406683,0.17913778755035828,0.20585909420476908,91.38801767676766,18.0739681606191
fifo,4.0,100,100,vivace,5,688.6623365833334,38.16350295341762,30.308515393532268,1.0,0.0,0.043442000204057835,0.2074355853604395,0.15995218319220444,0.1776061313726928,0.15981737997335574,0.17758491678022126,91.3745983270202,18.129364576519443
fifo,4.0,100,100,astraea,1,216.93740954966296,38.274099405940596,31.776357276170295,1.0,0.0,0.0,0.0,0.3542633900478333,0.2933992208755004,0.3542633900478333,0.2933992208755004,88.61099431818182,19.976764765035682
fifo,4.0,100,100,astraea,2,221.36621894873429,36.609270351485144,40.30768120809682,1.0,0.0,0.0,0.0,0.3364641551909408,0.3731584413845588,0.3364641551909408,0.3731584413845588,88.16029040404042,19.655388744218317
fifo,4.0,100,100,astraea,3,216.7614520634124,38.386213420792075,32.15661301692649,1.0,0.0,0.0,0.0,0.3576996615596264,0.2987686290288511,0.3576996615596264,0.2987686290288511,88.51729482323233,20.27943684009365
fifo,4.0,100,100,astraea,4,222.05105385005692,38.384462569306926,43.15287838873044,1.0,0.0,0.0,0.0,0.3548641734783504,0.40094192338341483,0.3535376042581473,0.4005550492786267,87.48237294823231,21.273261743727357
fifo,4.0,100,100,astraea,5,225.1062027114711,36.593930099009896,44.9799102144877,1.0,0.0,0.0,0.0,0.3352199574943018,0.4157991775017103,0.3352199574943018,0.4157991775017103,88.17319286616161,19.62828731502632
